photo_id,stop,section,role,observed_ids,nearby_candidate_ids,imagery_date,review,label
00001,taraj-01,S00,facade-angle,,B001 B002 B005 B006 B007 B008,Aug 2024,native-original-and-contact-sheet-reviewed,00001 | Pilot and endpoint map | facade-angle
00002,taraj-01,S00,panorama-surroundings,,B001 B002 B005 B006 B007 B008,unverified,contact-sheet-reviewed,00002 | Pilot and endpoint map | panorama-surroundings
00003,taraj-01,S00,panorama-surroundings,,B001 B002 B005 B006 B007 B008,unverified,contact-sheet-reviewed,00003 | Pilot and endpoint map | panorama-surroundings
00004,taraj-01,S00,panorama-surroundings,,B001 B002 B005 B006 B007 B008,unverified,contact-sheet-reviewed,00004 | Pilot and endpoint map | panorama-surroundings
00005,taraj-01,S00,panorama-surroundings,B005,B001 B002 B005 B006 B007 B008,unverified,contact-sheet-reviewed,00005 | Pilot and endpoint map | panorama-surroundings | Natural World Pet Superstore — southern context
00006,taraj-01,S00,panorama-surroundings,B005,B001 B002 B005 B006 B007 B008,unverified,contact-sheet-reviewed,00006 | Pilot and endpoint map | panorama-surroundings | Natural World Pet Superstore — southern context
00007,taraj-02,S00,navigation-check,,B001 B002 B005 B006 B007 B008,Aug 2024,contact-sheet-reviewed,00007 | Pilot and endpoint map | navigation-check
00008,,S00,route-endpoint-map,B050,B050,unverified,native-original-and-contact-sheet-reviewed,00008 | Pilot and endpoint map | route-endpoint-map | Pharmacie Arms — existing reference anchor
00009,route-001,S01,road-forward,F001,B001 B006 B007 B008 F001 F002,Aug 2024,contact-sheet-reviewed,00009 | Taraj and southern terrace | road-forward | Melton Road carriageway and route
00010,route-001,S01,right-forward-angle,,B001,Aug 2024,contact-sheet-reviewed,00010 | Taraj and southern terrace | right-forward-angle
00011,route-001,S01,right-frontage,B001,B001,Aug 2024,contact-sheet-reviewed,00011 | Taraj and southern terrace | right-frontage | Taraj Palace
00012,route-001,S01,right-rear-angle,B005,B001,Aug 2024,contact-sheet-reviewed,00012 | Taraj and southern terrace | right-rear-angle | Natural World Pet Superstore — southern context
00013,route-001,S01,road-backward,B005 F007,B001 B006 B007 B008 F001 F002,Aug 2024,contact-sheet-reviewed,"00013 | Taraj and southern terrace | road-backward | Natural World Pet Superstore — southern context, Southern traffic-controlled crossing"
00014,route-001,S01,left-rear-angle,F007,B006 B007 B008,Aug 2024,contact-sheet-reviewed,00014 | Taraj and southern terrace | left-rear-angle | Southern traffic-controlled crossing
00015,route-001,S01,left-frontage,B006 B007,B006 B007 B008,Aug 2024,contact-sheet-reviewed,"00015 | Taraj and southern terrace | left-frontage | The Studio, Delish"
00016,route-001,S01,left-forward-angle,,B006 B007 B008,Aug 2024,contact-sheet-reviewed,00016 | Taraj and southern terrace | left-forward-angle
00017,route-001,S01,right-frontage-detail,B001,B001,Aug 2024,contact-sheet-reviewed,00017 | Taraj and southern terrace | right-frontage-detail | Taraj Palace
00018,route-001,S01,left-frontage-detail,B006 B007,B006 B007 B008,Aug 2024,contact-sheet-reviewed,"00018 | Taraj and southern terrace | left-frontage-detail | The Studio, Delish"
00019,route-001,S01,right-pavement-detail,B001 B005 F002 F007 F014,B001,Aug 2024,contact-sheet-reviewed,"00019 | Taraj and southern terrace | right-pavement-detail | Taraj Palace, Natural World Pet Superstore — southern context, Pavements, kerbs and drainage, Southern traffic-controlled crossing, Street furniture: lamps, bins and planting"
00020,route-001,S01,left-pavement-detail,B006 B007 F007,B006 B007 B008,Aug 2024,contact-sheet-reviewed,"00020 | Taraj and southern terrace | left-pavement-detail | The Studio, Delish, Southern traffic-controlled crossing"
00021,route-002,S01,road-forward,F001,B001 B002 B008 B009 B010 B011 F001 F002,Aug 2024,contact-sheet-reviewed,00021 | Taraj and southern terrace | road-forward | Melton Road carriageway and route
00022,route-002,S01,right-forward-angle,,B001 B002,Aug 2024,contact-sheet-reviewed,00022 | Taraj and southern terrace | right-forward-angle
00023,route-002,S01,right-frontage,B001 B002,B001 B002,Aug 2024,contact-sheet-reviewed,"00023 | Taraj and southern terrace | right-frontage | Taraj Palace, Costcutter Carpets & Beds"
00024,route-002,S01,right-rear-angle,,B001 B002,Aug 2024,contact-sheet-reviewed,00024 | Taraj and southern terrace | right-rear-angle
00025,route-002,S01,road-backward,,B001 B002 B008 B009 B010 B011 F001 F002,Aug 2024,contact-sheet-reviewed,00025 | Taraj and southern terrace | road-backward
00026,route-002,S01,left-rear-angle,,B008 B009 B010 B011,Aug 2024,contact-sheet-reviewed,00026 | Taraj and southern terrace | left-rear-angle
00027,route-002,S01,left-frontage,B007 B008 B009 B010,B008 B009 B010 B011,Aug 2024,contact-sheet-reviewed,"00027 | Taraj and southern terrace | left-frontage | Delish, Grove, FOX Barbers, Newton Fallowell estate-agent frontage"
00028,route-002,S01,left-forward-angle,,B008 B009 B010 B011,Aug 2024,contact-sheet-reviewed,00028 | Taraj and southern terrace | left-forward-angle
00029,route-002,S01,right-frontage-detail,B001 B002,B001 B002,Aug 2024,contact-sheet-reviewed,"00029 | Taraj and southern terrace | right-frontage-detail | Taraj Palace, Costcutter Carpets & Beds"
00030,route-002,S01,left-frontage-detail,B008 B009 B010 B011 F015,B008 B009 B010 B011,Aug 2024,native-original-and-contact-sheet-reviewed,"00030 | Taraj and southern terrace | left-frontage-detail | Grove, FOX Barbers, Newton Fallowell estate-agent frontage, Syston House takeaway, Facade utilities and roof services"
00031,route-002,S01,right-pavement-detail,F002,B001 B002,Aug 2024,contact-sheet-reviewed,"00031 | Taraj and southern terrace | right-pavement-detail | Pavements, kerbs and drainage"
00032,route-002,S01,left-pavement-detail,B008 B009,B008 B009 B010 B011,Aug 2024,contact-sheet-reviewed,"00032 | Taraj and southern terrace | left-pavement-detail | Grove, FOX Barbers"
00033,route-003,S01,road-forward,,B002 B010 B011 B012 B013 F001 F002,unverified,contact-sheet-reviewed,00033 | Taraj and southern terrace | road-forward
00034,route-003,S01,right-forward-angle,,B002,unverified,contact-sheet-reviewed,00034 | Taraj and southern terrace | right-forward-angle
00035,route-003,S01,right-frontage,B002,B002,unverified,contact-sheet-reviewed,00035 | Taraj and southern terrace | right-frontage | Costcutter Carpets & Beds
00036,route-003,S01,right-rear-angle,,B002,unverified,contact-sheet-reviewed,00036 | Taraj and southern terrace | right-rear-angle
00037,route-003,S01,road-backward,,B002 B010 B011 B012 B013 F001 F002,unverified,contact-sheet-reviewed,00037 | Taraj and southern terrace | road-backward
00038,route-003,S01,left-rear-angle,,B010 B011 B012 B013,unverified,contact-sheet-reviewed,00038 | Taraj and southern terrace | left-rear-angle
00039,route-003,S01,left-frontage,B010 B011 B012 B013,B010 B011 B012 B013,unverified,contact-sheet-reviewed,"00039 | Taraj and southern terrace | left-frontage | Newton Fallowell estate-agent frontage, Syston House takeaway, Vista, Flames"
00040,route-003,S01,left-forward-angle,,B010 B011 B012 B013,unverified,contact-sheet-reviewed,00040 | Taraj and southern terrace | left-forward-angle
00041,route-003,S01,right-frontage-detail,B002,B002,unverified,contact-sheet-reviewed,00041 | Taraj and southern terrace | right-frontage-detail | Costcutter Carpets & Beds
00042,route-003,S01,left-frontage-detail,B010 B011 B012 B013,B010 B011 B012 B013,unverified,contact-sheet-reviewed,"00042 | Taraj and southern terrace | left-frontage-detail | Newton Fallowell estate-agent frontage, Syston House takeaway, Vista, Flames"
00043,route-003,S01,right-pavement-detail,B002,B002,unverified,contact-sheet-reviewed,00043 | Taraj and southern terrace | right-pavement-detail | Costcutter Carpets & Beds
00044,route-003,S01,left-pavement-detail,B011,B010 B011 B012 B013,unverified,contact-sheet-reviewed,00044 | Taraj and southern terrace | left-pavement-detail | Syston House takeaway
00045,route-004,S01,road-forward,,B002 B003 B012 B013 B014 F001 F002,unverified,contact-sheet-reviewed,00045 | Taraj and southern terrace | road-forward
00046,route-004,S01,right-forward-angle,,B002 B003,unverified,contact-sheet-reviewed,00046 | Taraj and southern terrace | right-forward-angle
00047,route-004,S01,right-frontage,B003,B002 B003,unverified,contact-sheet-reviewed,00047 | Taraj and southern terrace | right-frontage | Man-Made Gentleman Barbers
00048,route-004,S01,right-rear-angle,,B002 B003,unverified,contact-sheet-reviewed,00048 | Taraj and southern terrace | right-rear-angle
00049,route-004,S01,road-backward,,B002 B003 B012 B013 B014 F001 F002,unverified,contact-sheet-reviewed,00049 | Taraj and southern terrace | road-backward
00050,route-004,S01,left-rear-angle,,B012 B013 B014,unverified,contact-sheet-reviewed,00050 | Taraj and southern terrace | left-rear-angle
00051,route-004,S01,left-frontage,B012 B013 B014,B012 B013 B014,unverified,contact-sheet-reviewed,"00051 | Taraj and southern terrace | left-frontage | Vista, Flames, Banking Hub and adjoining glazed corner bays"
00052,route-004,S01,left-forward-angle,,B012 B013 B014,unverified,contact-sheet-reviewed,00052 | Taraj and southern terrace | left-forward-angle
00053,route-004,S01,right-frontage-detail,B003,B002 B003,unverified,contact-sheet-reviewed,00053 | Taraj and southern terrace | right-frontage-detail | Man-Made Gentleman Barbers
00054,route-004,S01,left-frontage-detail,B012 B013,B012 B013 B014,unverified,contact-sheet-reviewed,"00054 | Taraj and southern terrace | left-frontage-detail | Vista, Flames"
00055,route-004,S01,right-pavement-detail,B003 F002,B002 B003,unverified,contact-sheet-reviewed,"00055 | Taraj and southern terrace | right-pavement-detail | Man-Made Gentleman Barbers, Pavements, kerbs and drainage"
00056,route-004,S01,left-pavement-detail,,B012 B013 B014,unverified,contact-sheet-reviewed,00056 | Taraj and southern terrace | left-pavement-detail
00057,route-005,S01,road-forward,,B003 B004 B013 B014 F001 F002,unverified,contact-sheet-reviewed,00057 | Taraj and southern terrace | road-forward
00058,route-005,S01,right-forward-angle,,B003 B004,unverified,contact-sheet-reviewed,00058 | Taraj and southern terrace | right-forward-angle
00059,route-005,S01,right-frontage,B003 B004,B003 B004,unverified,contact-sheet-reviewed,"00059 | Taraj and southern terrace | right-frontage | Man-Made Gentleman Barbers, Halls of Syston fruit-and-veg corner"
00060,route-005,S01,right-rear-angle,,B003 B004,unverified,contact-sheet-reviewed,00060 | Taraj and southern terrace | right-rear-angle
00061,route-005,S01,road-backward,,B003 B004 B013 B014 F001 F002,unverified,contact-sheet-reviewed,00061 | Taraj and southern terrace | road-backward
00062,route-005,S01,left-rear-angle,,B013 B014,unverified,contact-sheet-reviewed,00062 | Taraj and southern terrace | left-rear-angle
00063,route-005,S01,left-frontage,B013 B014,B013 B014,unverified,contact-sheet-reviewed,"00063 | Taraj and southern terrace | left-frontage | Flames, Banking Hub and adjoining glazed corner bays"
00064,route-005,S01,left-forward-angle,,B013 B014,unverified,contact-sheet-reviewed,00064 | Taraj and southern terrace | left-forward-angle
00065,route-005,S01,right-frontage-detail,B004,B003 B004,unverified,contact-sheet-reviewed,00065 | Taraj and southern terrace | right-frontage-detail | Halls of Syston fruit-and-veg corner
00066,route-005,S01,left-frontage-detail,B014,B013 B014,unverified,contact-sheet-reviewed,00066 | Taraj and southern terrace | left-frontage-detail | Banking Hub and adjoining glazed corner bays
00067,route-005,S01,right-pavement-detail,B004,B003 B004,unverified,contact-sheet-reviewed,00067 | Taraj and southern terrace | right-pavement-detail | Halls of Syston fruit-and-veg corner
00068,route-005,S01,left-pavement-detail,B014,B013 B014,unverified,contact-sheet-reviewed,00068 | Taraj and southern terrace | left-pavement-detail | Banking Hub and adjoining glazed corner bays
00069,route-006,S02,road-forward,F001 F003,F003 F004 B034 F005 B015 F001 F002,Apr 2019,contact-sheet-reviewed,"00069 | Brook, bridge and corner shops | road-forward | Melton Road carriageway and route, Brook and bridge"
00070,route-006,S02,right-forward-angle,F004,F003 F004 B034,Apr 2019,contact-sheet-reviewed,"00070 | Brook, bridge and corner shops | right-forward-angle | Brookside / bridge-side junction and access"
00071,route-006,S02,right-frontage,,F003 F004 B034,Apr 2019,contact-sheet-reviewed,"00071 | Brook, bridge and corner shops | right-frontage"
00072,route-006,S02,right-rear-angle,,F003 F004 B034,Apr 2019,contact-sheet-reviewed,"00072 | Brook, bridge and corner shops | right-rear-angle"
00073,route-006,S02,road-backward,F003,F003 F004 B034 F005 B015 F001 F002,Apr 2019,contact-sheet-reviewed,"00073 | Brook, bridge and corner shops | road-backward | Brook and bridge"
00074,route-006,S02,left-rear-angle,F005,F003 F005 B015,Apr 2019,contact-sheet-reviewed,"00074 | Brook, bridge and corner shops | left-rear-angle | Bridge railings and brook boundary walls"
00075,route-006,S02,left-frontage,F003 F005,F003 F005 B015,Apr 2019,native-original-and-contact-sheet-reviewed,"00075 | Brook, bridge and corner shops | left-frontage | Brook and bridge, Bridge railings and brook boundary walls"
00076,route-006,S02,left-forward-angle,,F003 F005 B015,Apr 2019,contact-sheet-reviewed,"00076 | Brook, bridge and corner shops | left-forward-angle"
00077,route-006,S02,right-frontage-detail,B004 F003 F004,F003 F004 B034,Apr 2019,contact-sheet-reviewed,"00077 | Brook, bridge and corner shops | right-frontage-detail | Halls of Syston fruit-and-veg corner, Brook and bridge, Brookside / bridge-side junction and access"
00078,route-006,S02,left-frontage-detail,F003 F005,F003 F005 B015,Apr 2019,contact-sheet-reviewed,"00078 | Brook, bridge and corner shops | left-frontage-detail | Brook and bridge, Bridge railings and brook boundary walls"
00079,route-006,S02,right-pavement-detail,F004,F003 F004 B034,Apr 2019,contact-sheet-reviewed,"00079 | Brook, bridge and corner shops | right-pavement-detail | Brookside / bridge-side junction and access"
00080,route-006,S02,left-pavement-detail,F002 F003 F005,F003 F005 B015,Apr 2019,contact-sheet-reviewed,"00080 | Brook, bridge and corner shops | left-pavement-detail | Pavements, kerbs and drainage, Brook and bridge, Bridge railings and brook boundary walls"
00081,route-007,S02,road-forward,,B034 B035 B036 B037 F006 B015 F003 F001 F002,unverified,contact-sheet-reviewed,"00081 | Brook, bridge and corner shops | road-forward"
00082,route-007,S02,right-forward-angle,F004,B034 B035 B036 B037 F006,unverified,contact-sheet-reviewed,"00082 | Brook, bridge and corner shops | right-forward-angle | Brookside / bridge-side junction and access"
00083,route-007,S02,right-frontage,,B034 B035 B036 B037 F006,unverified,contact-sheet-reviewed,"00083 | Brook, bridge and corner shops | right-frontage"
00084,route-007,S02,right-rear-angle,,B034 B035 B036 B037 F006,unverified,contact-sheet-reviewed,"00084 | Brook, bridge and corner shops | right-rear-angle"
00085,route-007,S02,road-backward,,B034 B035 B036 B037 F006 B015 F003 F001 F002,unverified,contact-sheet-reviewed,"00085 | Brook, bridge and corner shops | road-backward"
00086,route-007,S02,left-rear-angle,F003 F005,B015 F003,unverified,contact-sheet-reviewed,"00086 | Brook, bridge and corner shops | left-rear-angle | Brook and bridge, Bridge railings and brook boundary walls"
00087,route-007,S02,left-frontage,B015,B015 F003,unverified,contact-sheet-reviewed,"00087 | Brook, bridge and corner shops | left-frontage | Specsavers / audiology corner"
00088,route-007,S02,left-forward-angle,,B015 F003,unverified,contact-sheet-reviewed,"00088 | Brook, bridge and corner shops | left-forward-angle"
00089,route-007,S02,right-frontage-detail,F004,B034 B035 B036 B037 F006,unverified,contact-sheet-reviewed,"00089 | Brook, bridge and corner shops | right-frontage-detail | Brookside / bridge-side junction and access"
00090,route-007,S02,left-frontage-detail,B015 F003 F014,B015 F003,unverified,contact-sheet-reviewed,"00090 | Brook, bridge and corner shops | left-frontage-detail | Specsavers / audiology corner, Brook and bridge, Street furniture: lamps, bins and planting"
00091,route-007,S02,right-pavement-detail,F004,B034 B035 B036 B037 F006,unverified,contact-sheet-reviewed,"00091 | Brook, bridge and corner shops | right-pavement-detail | Brookside / bridge-side junction and access"
00092,route-007,S02,left-pavement-detail,F005,B015 F003,unverified,contact-sheet-reviewed,"00092 | Brook, bridge and corner shops | left-pavement-detail | Bridge railings and brook boundary walls"
00093,route-008,S02,road-forward,F001,B034 B035 B036 B037 F006 B015 B016 F001 F002,unverified,contact-sheet-reviewed,"00093 | Brook, bridge and corner shops | road-forward | Melton Road carriageway and route"
00094,route-008,S02,right-forward-angle,,B034 B035 B036 B037 F006,unverified,contact-sheet-reviewed,"00094 | Brook, bridge and corner shops | right-forward-angle"
00095,route-008,S02,right-frontage,B034 B035 F006,B034 B035 B036 B037 F006,unverified,contact-sheet-reviewed,"00095 | Brook, bridge and corner shops | right-frontage | Golden Barber, Designer Daisies, Green bus shelter beside corner shops"
00096,route-008,S02,right-rear-angle,,B034 B035 B036 B037 F006,unverified,contact-sheet-reviewed,"00096 | Brook, bridge and corner shops | right-rear-angle"
00097,route-008,S02,road-backward,,B034 B035 B036 B037 F006 B015 B016 F001 F002,unverified,contact-sheet-reviewed,"00097 | Brook, bridge and corner shops | road-backward"
00098,route-008,S02,left-rear-angle,,B015 B016,unverified,contact-sheet-reviewed,"00098 | Brook, bridge and corner shops | left-rear-angle"
00099,route-008,S02,left-frontage,B015,B015 B016,unverified,contact-sheet-reviewed,"00099 | Brook, bridge and corner shops | left-frontage | Specsavers / audiology corner"
00100,route-008,S02,left-forward-angle,,B015 B016,unverified,contact-sheet-reviewed,"00100 | Brook, bridge and corner shops | left-forward-angle"
00101,route-008,S02,right-frontage-detail,B034 B035 B036 B037 F006,B034 B035 B036 B037 F006,unverified,contact-sheet-reviewed,"00101 | Brook, bridge and corner shops | right-frontage-detail | Golden Barber, Designer Daisies, Syston Jewellers, End bay beside the bus shelter — name unresolved, Green bus shelter beside corner shops"
00102,route-008,S02,left-frontage-detail,B015,B015 B016,unverified,contact-sheet-reviewed,"00102 | Brook, bridge and corner shops | left-frontage-detail | Specsavers / audiology corner"
00103,route-008,S02,right-pavement-detail,F006,B034 B035 B036 B037 F006,unverified,contact-sheet-reviewed,"00103 | Brook, bridge and corner shops | right-pavement-detail | Green bus shelter beside corner shops"
00104,route-008,S02,left-pavement-detail,,B015 B016,unverified,contact-sheet-reviewed,"00104 | Brook, bridge and corner shops | left-pavement-detail"
00105,route-009,S02,road-forward,,B034 B035 B036 B037 F006 B015 B016 B017 F001 F002,Apr 2023,contact-sheet-reviewed,"00105 | Brook, bridge and corner shops | road-forward"
00106,route-009,S02,right-forward-angle,,B034 B035 B036 B037 F006,Apr 2023,contact-sheet-reviewed,"00106 | Brook, bridge and corner shops | right-forward-angle"
00107,route-009,S02,right-frontage,B034,B034 B035 B036 B037 F006,Apr 2023,contact-sheet-reviewed,"00107 | Brook, bridge and corner shops | right-frontage | Golden Barber"
00108,route-009,S02,right-rear-angle,,B034 B035 B036 B037 F006,Apr 2023,contact-sheet-reviewed,"00108 | Brook, bridge and corner shops | right-rear-angle"
00109,route-009,S02,road-backward,,B034 B035 B036 B037 F006 B015 B016 B017 F001 F002,Apr 2023,contact-sheet-reviewed,"00109 | Brook, bridge and corner shops | road-backward"
00110,route-009,S02,left-rear-angle,,B015 B016 B017,Apr 2023,contact-sheet-reviewed,"00110 | Brook, bridge and corner shops | left-rear-angle"
00111,route-009,S02,left-frontage,B016,B015 B016 B017,Apr 2023,contact-sheet-reviewed,"00111 | Brook, bridge and corner shops | left-frontage | Today's Catch"
00112,route-009,S02,left-forward-angle,,B015 B016 B017,Apr 2023,contact-sheet-reviewed,"00112 | Brook, bridge and corner shops | left-forward-angle"
00113,route-009,S02,right-frontage-detail,B034 B035 B036 B037 F006 F014 F015,B034 B035 B036 B037 F006,Apr 2023,native-original-and-contact-sheet-reviewed,"00113 | Brook, bridge and corner shops | right-frontage-detail | Golden Barber, Designer Daisies, Syston Jewellers, End bay beside the bus shelter — name unresolved, Green bus shelter beside corner shops, Street furniture: lamps, bins and planting, Facade utilities and roof services"
00114,route-009,S02,left-frontage-detail,B015 B016,B015 B016 B017,Apr 2023,contact-sheet-reviewed,"00114 | Brook, bridge and corner shops | left-frontage-detail | Specsavers / audiology corner, Today's Catch"
00115,route-009,S02,right-pavement-detail,B034 F002 F006 F014,B034 B035 B036 B037 F006,Apr 2023,contact-sheet-reviewed,"00115 | Brook, bridge and corner shops | right-pavement-detail | Golden Barber, Pavements, kerbs and drainage, Green bus shelter beside corner shops, Street furniture: lamps, bins and planting"
00116,route-009,S02,left-pavement-detail,,B015 B016 B017,Apr 2023,contact-sheet-reviewed,"00116 | Brook, bridge and corner shops | left-pavement-detail"
00117,route-010,S02,road-forward,,B034 B035 B036 B015 B016 B017 B018 B019 F001 F002,Apr 2016,contact-sheet-reviewed,"00117 | Brook, bridge and corner shops | road-forward"
00118,route-010,S02,right-forward-angle,,B034 B035 B036,Apr 2016,contact-sheet-reviewed,"00118 | Brook, bridge and corner shops | right-forward-angle"
00119,route-010,S02,right-frontage,,B034 B035 B036,Apr 2016,contact-sheet-reviewed,"00119 | Brook, bridge and corner shops | right-frontage"
00120,route-010,S02,right-rear-angle,,B034 B035 B036,Apr 2016,contact-sheet-reviewed,"00120 | Brook, bridge and corner shops | right-rear-angle"
00121,route-010,S02,road-backward,,B034 B035 B036 B015 B016 B017 B018 B019 F001 F002,Apr 2016,contact-sheet-reviewed,"00121 | Brook, bridge and corner shops | road-backward"
00122,route-010,S02,left-rear-angle,,B015 B016 B017 B018 B019,Apr 2016,contact-sheet-reviewed,"00122 | Brook, bridge and corner shops | left-rear-angle"
00123,route-010,S02,left-frontage,B016 B017 B018,B015 B016 B017 B018 B019,Apr 2016,contact-sheet-reviewed,"00123 | Brook, bridge and corner shops | left-frontage | Today's Catch, Age UK, Mind"
00124,route-010,S02,left-forward-angle,,B015 B016 B017 B018 B019,Apr 2016,contact-sheet-reviewed,"00124 | Brook, bridge and corner shops | left-forward-angle"
00125,route-010,S02,right-frontage-detail,B036 B037,B034 B035 B036,Apr 2016,contact-sheet-reviewed,"00125 | Brook, bridge and corner shops | right-frontage-detail | Syston Jewellers, End bay beside the bus shelter — name unresolved"
00126,route-010,S02,left-frontage-detail,B016 B017 B018,B015 B016 B017 B018 B019,Apr 2016,native-original-and-contact-sheet-reviewed,"00126 | Brook, bridge and corner shops | left-frontage-detail | Today's Catch, Age UK, Mind"
00127,route-010,S02,right-pavement-detail,,B034 B035 B036,Apr 2016,contact-sheet-reviewed,"00127 | Brook, bridge and corner shops | right-pavement-detail"
00128,route-010,S02,left-pavement-detail,,B015 B016 B017 B018 B019,Apr 2016,contact-sheet-reviewed,"00128 | Brook, bridge and corner shops | left-pavement-detail"
00129,route-011,S03,road-forward,B038,B038 B040 B018 B019 B020 B021 F016 F001 F002,unverified,contact-sheet-reviewed,00129 | Main retail and crossing | road-forward | Food Warehouse retail block
00130,route-011,S03,right-forward-angle,,B038 B040,unverified,contact-sheet-reviewed,00130 | Main retail and crossing | right-forward-angle
00131,route-011,S03,right-frontage,B040,B038 B040,unverified,contact-sheet-reviewed,00131 | Main retail and crossing | right-frontage | Savers
00132,route-011,S03,right-rear-angle,,B038 B040,unverified,contact-sheet-reviewed,00132 | Main retail and crossing | right-rear-angle
00133,route-011,S03,road-forward,B038,B038 B040 B018 B019 B020 B021 F016 F001 F002,unverified,contact-sheet-reviewed,00133 | Main retail and crossing | road-forward | Food Warehouse retail block
00134,route-011,S03,right-forward-angle,,B038 B040,unverified,contact-sheet-reviewed,00134 | Main retail and crossing | right-forward-angle
00135,route-011,S03,right-frontage,B040,B038 B040,unverified,contact-sheet-reviewed,00135 | Main retail and crossing | right-frontage | Savers
00136,route-011,S03,right-rear-angle,,B038 B040,unverified,contact-sheet-reviewed,00136 | Main retail and crossing | right-rear-angle
00137,route-011,S03,road-backward,,B038 B040 B018 B019 B020 B021 F016 F001 F002,unverified,contact-sheet-reviewed,00137 | Main retail and crossing | road-backward
00138,route-011,S03,left-rear-angle,,B018 B019 B020 B021 F016,unverified,contact-sheet-reviewed,00138 | Main retail and crossing | left-rear-angle
00139,route-011,S03,left-frontage,B018 B019 B020 F016,B018 B019 B020 B021 F016,unverified,contact-sheet-reviewed,"00139 | Main retail and crossing | left-frontage | Mind, LOROS, Subway, Narrow access bay between LOROS and Subway"
00140,route-011,S03,left-forward-angle,,B018 B019 B020 B021 F016,unverified,contact-sheet-reviewed,00140 | Main retail and crossing | left-forward-angle
00141,route-011,S03,right-frontage-detail,B040,B038 B040,unverified,contact-sheet-reviewed,00141 | Main retail and crossing | right-frontage-detail | Savers
00142,route-011,S03,left-frontage-detail,B018 B019 B020 F016,B018 B019 B020 B021 F016,unverified,contact-sheet-reviewed,"00142 | Main retail and crossing | left-frontage-detail | Mind, LOROS, Subway, Narrow access bay between LOROS and Subway"
00143,route-011,S03,right-pavement-detail,B040,B038 B040,unverified,contact-sheet-reviewed,00143 | Main retail and crossing | right-pavement-detail | Savers
00144,route-011,S03,left-pavement-detail,B019 B020,B018 B019 B020 B021 F016,unverified,contact-sheet-reviewed,"00144 | Main retail and crossing | left-pavement-detail | LOROS, Subway"
00145,route-012,S03,road-forward,,B038 B039 B040 B051 B019 B020 B021 F001 F002,Aug 2024,contact-sheet-reviewed,00145 | Main retail and crossing | road-forward
00146,route-012,S03,right-forward-angle,,B038 B039 B040 B051,Aug 2024,contact-sheet-reviewed,00146 | Main retail and crossing | right-forward-angle
00147,route-012,S03,right-frontage,B038 B039 B040 B051,B038 B039 B040 B051,Aug 2024,contact-sheet-reviewed,"00147 | Main retail and crossing | right-frontage | Food Warehouse retail block, cardfactory, Savers, Oxfam lower frontage"
00148,route-012,S03,right-rear-angle,,B038 B039 B040 B051,Aug 2024,contact-sheet-reviewed,00148 | Main retail and crossing | right-rear-angle
00149,route-012,S03,road-backward,,B038 B039 B040 B051 B019 B020 B021 F001 F002,Aug 2024,contact-sheet-reviewed,00149 | Main retail and crossing | road-backward
00150,route-012,S03,left-rear-angle,,B019 B020 B021,Aug 2024,contact-sheet-reviewed,00150 | Main retail and crossing | left-rear-angle
00151,route-012,S03,left-frontage,B020 B021,B019 B020 B021,Aug 2024,contact-sheet-reviewed,"00151 | Main retail and crossing | left-frontage | Subway, William Hill"
00152,route-012,S03,left-forward-angle,,B019 B020 B021,Aug 2024,contact-sheet-reviewed,00152 | Main retail and crossing | left-forward-angle
00153,route-012,S03,right-frontage-detail,B038 B039 B040,B038 B039 B040 B051,Aug 2024,contact-sheet-reviewed,"00153 | Main retail and crossing | right-frontage-detail | Food Warehouse retail block, cardfactory, Savers"
00154,route-012,S03,left-frontage-detail,B016 B017 B018 B019 B020 B021 F015 F016,B019 B020 B021,Aug 2024,native-original-and-contact-sheet-reviewed,"00154 | Main retail and crossing | left-frontage-detail | Today's Catch, Age UK, Mind, LOROS, Subway, William Hill, Facade utilities and roof services, Narrow access bay between LOROS and Subway"
00155,route-012,S03,right-pavement-detail,B039 F002,B038 B039 B040 B051,Aug 2024,contact-sheet-reviewed,"00155 | Main retail and crossing | right-pavement-detail | cardfactory, Pavements, kerbs and drainage"
00156,route-012,S03,left-pavement-detail,B021,B019 B020 B021,Aug 2024,contact-sheet-reviewed,00156 | Main retail and crossing | left-pavement-detail | William Hill
00157,route-013,S03,road-forward,B024 F001 F008,B041 B051 B039 B022 B023 B024 F001 F002,Apr 2026,native-original-and-contact-sheet-reviewed,"00157 | Main retail and crossing | road-forward | Greggs, Melton Road carriageway and route, Greggs / DIY traffic-controlled crossing"
00158,route-013,S03,right-forward-angle,,B041 B051 B039,Apr 2026,contact-sheet-reviewed,00158 | Main retail and crossing | right-forward-angle
00159,route-013,S03,right-frontage,B041 F008,B041 B051 B039,Apr 2026,contact-sheet-reviewed,"00159 | Main retail and crossing | right-frontage | Syston DIY / Firework Deals Store, Greggs / DIY traffic-controlled crossing"
00160,route-013,S03,right-rear-angle,,B041 B051 B039,Apr 2026,contact-sheet-reviewed,00160 | Main retail and crossing | right-rear-angle
00161,route-013,S03,road-backward,,B041 B051 B039 B022 B023 B024 F001 F002,Apr 2026,contact-sheet-reviewed,00161 | Main retail and crossing | road-backward
00162,route-013,S03,left-rear-angle,B022,B022 B023 B024,Apr 2026,contact-sheet-reviewed,00162 | Main retail and crossing | left-rear-angle | Smith Hamylton
00163,route-013,S03,left-frontage,B022 B023 B024,B022 B023 B024,Apr 2026,contact-sheet-reviewed,"00163 | Main retail and crossing | left-frontage | Smith Hamylton, Byrite Electricals, Greggs"
00164,route-013,S03,left-forward-angle,,B022 B023 B024,Apr 2026,contact-sheet-reviewed,00164 | Main retail and crossing | left-forward-angle
00165,route-013,S03,right-frontage-detail,B041 F008,B041 B051 B039,Apr 2026,contact-sheet-reviewed,"00165 | Main retail and crossing | right-frontage-detail | Syston DIY / Firework Deals Store, Greggs / DIY traffic-controlled crossing"
00166,route-013,S03,left-frontage-detail,B022 B023 B024 F008,B022 B023 B024,Apr 2026,contact-sheet-reviewed,"00166 | Main retail and crossing | left-frontage-detail | Smith Hamylton, Byrite Electricals, Greggs, Greggs / DIY traffic-controlled crossing"
00167,route-013,S03,right-pavement-detail,,B041 B051 B039,Apr 2026,contact-sheet-reviewed,00167 | Main retail and crossing | right-pavement-detail
00168,route-013,S03,left-pavement-detail,B022 B023 F008,B022 B023 B024,Apr 2026,contact-sheet-reviewed,"00168 | Main retail and crossing | left-pavement-detail | Smith Hamylton, Byrite Electricals, Greggs / DIY traffic-controlled crossing"
00169,route-014,S03,road-forward,F014,B041 B042 B051 B023 B024 B025 B026 F001 F002,Apr 2026,contact-sheet-reviewed,"00169 | Main retail and crossing | road-forward | Street furniture: lamps, bins and planting"
00170,route-014,S03,right-forward-angle,,B041 B042 B051,Apr 2026,contact-sheet-reviewed,00170 | Main retail and crossing | right-forward-angle
00171,route-014,S03,right-frontage,B041 B042,B041 B042 B051,Apr 2026,contact-sheet-reviewed,"00171 | Main retail and crossing | right-frontage | Syston DIY / Firework Deals Store, Spencers"
00172,route-014,S03,right-rear-angle,,B041 B042 B051,Apr 2026,contact-sheet-reviewed,00172 | Main retail and crossing | right-rear-angle
00173,route-014,S03,road-backward,B023,B041 B042 B051 B023 B024 B025 B026 F001 F002,Apr 2026,contact-sheet-reviewed,00173 | Main retail and crossing | road-backward | Byrite Electricals
00174,route-014,S03,left-rear-angle,,B023 B024 B025 B026,Apr 2026,contact-sheet-reviewed,00174 | Main retail and crossing | left-rear-angle
00175,route-014,S03,left-frontage,B024 B025,B023 B024 B025 B026,Apr 2026,contact-sheet-reviewed,"00175 | Main retail and crossing | left-frontage | Greggs, Hays Travel"
00176,route-014,S03,left-forward-angle,,B023 B024 B025 B026,Apr 2026,contact-sheet-reviewed,00176 | Main retail and crossing | left-forward-angle
00177,route-014,S03,right-frontage-detail,B038 B039 B041 B051 F008 F015,B041 B042 B051,Apr 2026,native-original-and-contact-sheet-reviewed,"00177 | Main retail and crossing | right-frontage-detail | Food Warehouse retail block, cardfactory, Syston DIY / Firework Deals Store, Oxfam lower frontage, Greggs / DIY traffic-controlled crossing, Facade utilities and roof services"
00178,route-014,S03,left-frontage-detail,B024 B025,B023 B024 B025 B026,Apr 2026,contact-sheet-reviewed,"00178 | Main retail and crossing | left-frontage-detail | Greggs, Hays Travel"
00179,route-014,S03,right-pavement-detail,B041,B041 B042 B051,Apr 2026,contact-sheet-reviewed,00179 | Main retail and crossing | right-pavement-detail | Syston DIY / Firework Deals Store
00180,route-014,S03,left-pavement-detail,F002,B023 B024 B025 B026,Apr 2026,contact-sheet-reviewed,"00180 | Main retail and crossing | left-pavement-detail | Pavements, kerbs and drainage"
00181,route-015,S03,road-forward,F009,B042 F009 B024 B025 B026 B027 F001 F002,unverified,contact-sheet-reviewed,00181 | Main retail and crossing | road-forward | Retail car-park entrance and yellow box
00182,route-015,S03,right-forward-angle,F009,B042 F009,unverified,contact-sheet-reviewed,00182 | Main retail and crossing | right-forward-angle | Retail car-park entrance and yellow box
00183,route-015,S03,right-frontage,B042,B042 F009,unverified,contact-sheet-reviewed,00183 | Main retail and crossing | right-frontage | Spencers
00184,route-015,S03,right-rear-angle,,B042 F009,unverified,contact-sheet-reviewed,00184 | Main retail and crossing | right-rear-angle
00185,route-015,S03,road-backward,,B042 F009 B024 B025 B026 B027 F001 F002,unverified,contact-sheet-reviewed,00185 | Main retail and crossing | road-backward
00186,route-015,S03,left-rear-angle,,B024 B025 B026 B027,unverified,contact-sheet-reviewed,00186 | Main retail and crossing | left-rear-angle
00187,route-015,S03,left-frontage,B026,B024 B025 B026 B027,unverified,contact-sheet-reviewed,00187 | Main retail and crossing | left-frontage | Sunlit Chemist
00188,route-015,S03,left-forward-angle,,B024 B025 B026 B027,unverified,contact-sheet-reviewed,00188 | Main retail and crossing | left-forward-angle
00189,route-015,S03,road-forward,,B042 F009 B024 B025 B026 B027 F001 F002,unverified,contact-sheet-reviewed,00189 | Main retail and crossing | road-forward
00190,route-015,S03,right-forward-angle,,B042 F009,unverified,contact-sheet-reviewed,00190 | Main retail and crossing | right-forward-angle
00191,route-015,S03,right-frontage,B042,B042 F009,unverified,contact-sheet-reviewed,00191 | Main retail and crossing | right-frontage | Spencers
00192,route-015,S03,right-rear-angle,,B042 F009,unverified,contact-sheet-reviewed,00192 | Main retail and crossing | right-rear-angle
00193,route-015,S03,road-backward,,B042 F009 B024 B025 B026 B027 F001 F002,unverified,contact-sheet-reviewed,00193 | Main retail and crossing | road-backward
00194,route-015,S03,left-rear-angle,,B024 B025 B026 B027,unverified,contact-sheet-reviewed,00194 | Main retail and crossing | left-rear-angle
00195,route-015,S03,left-frontage,B025 B026,B024 B025 B026 B027,unverified,contact-sheet-reviewed,"00195 | Main retail and crossing | left-frontage | Hays Travel, Sunlit Chemist"
00196,route-015,S03,left-forward-angle,,B024 B025 B026 B027,unverified,contact-sheet-reviewed,00196 | Main retail and crossing | left-forward-angle
00197,route-015,S03,right-frontage-detail,B042 F009,B042 F009,unverified,contact-sheet-reviewed,"00197 | Main retail and crossing | right-frontage-detail | Spencers, Retail car-park entrance and yellow box"
00198,route-015,S03,left-frontage-detail,B025 B026,B024 B025 B026 B027,unverified,contact-sheet-reviewed,"00198 | Main retail and crossing | left-frontage-detail | Hays Travel, Sunlit Chemist"
00199,route-015,S03,right-pavement-detail,B038 B042 F009,B042 F009,unverified,contact-sheet-reviewed,"00199 | Main retail and crossing | right-pavement-detail | Food Warehouse retail block, Spencers, Retail car-park entrance and yellow box"
00200,route-015,S03,left-pavement-detail,B026,B024 B025 B026 B027,unverified,contact-sheet-reviewed,00200 | Main retail and crossing | left-pavement-detail | Sunlit Chemist
00201,route-016,S04,road-forward,F001,B042 B043 F009 B026 B027 F001 F002,unverified,contact-sheet-reviewed,00201 | Shopping centre to Bistro | road-forward | Melton Road carriageway and route
00202,route-016,S04,right-forward-angle,,B042 B043 F009,unverified,contact-sheet-reviewed,00202 | Shopping centre to Bistro | right-forward-angle
00203,route-016,S04,right-frontage,B043 F009,B042 B043 F009,unverified,contact-sheet-reviewed,"00203 | Shopping centre to Bistro | right-frontage | Syston Sizzler, Retail car-park entrance and yellow box"
00204,route-016,S04,right-rear-angle,,B042 B043 F009,unverified,contact-sheet-reviewed,00204 | Shopping centre to Bistro | right-rear-angle
00205,route-016,S04,road-backward,,B042 B043 F009 B026 B027 F001 F002,unverified,contact-sheet-reviewed,00205 | Shopping centre to Bistro | road-backward
00206,route-016,S04,left-rear-angle,,B026 B027,unverified,contact-sheet-reviewed,00206 | Shopping centre to Bistro | left-rear-angle
00207,route-016,S04,left-frontage,B027,B026 B027,unverified,contact-sheet-reviewed,00207 | Shopping centre to Bistro | left-frontage | B&M gabled frontage
00208,route-016,S04,left-forward-angle,,B026 B027,unverified,contact-sheet-reviewed,00208 | Shopping centre to Bistro | left-forward-angle
00209,route-016,S04,right-frontage-detail,B043 F009,B042 B043 F009,unverified,contact-sheet-reviewed,"00209 | Shopping centre to Bistro | right-frontage-detail | Syston Sizzler, Retail car-park entrance and yellow box"
00210,route-016,S04,left-frontage-detail,B026 B027,B026 B027,unverified,contact-sheet-reviewed,"00210 | Shopping centre to Bistro | left-frontage-detail | Sunlit Chemist, B&M gabled frontage"
00211,route-016,S04,right-pavement-detail,B043 F009,B042 B043 F009,unverified,contact-sheet-reviewed,"00211 | Shopping centre to Bistro | right-pavement-detail | Syston Sizzler, Retail car-park entrance and yellow box"
00212,route-016,S04,left-pavement-detail,,B026 B027,unverified,contact-sheet-reviewed,00212 | Shopping centre to Bistro | left-pavement-detail
00213,route-017,S04,road-forward,,B043 B044 B027 F010 F001 F002,Apr 2026,contact-sheet-reviewed,00213 | Shopping centre to Bistro | road-forward
00214,route-017,S04,right-forward-angle,,B043 B044,Apr 2026,contact-sheet-reviewed,00214 | Shopping centre to Bistro | right-forward-angle
00215,route-017,S04,right-frontage,B043 B044,B043 B044,Apr 2026,contact-sheet-reviewed,"00215 | Shopping centre to Bistro | right-frontage | Syston Sizzler, Betfred"
00216,route-017,S04,right-rear-angle,,B043 B044,Apr 2026,contact-sheet-reviewed,00216 | Shopping centre to Bistro | right-rear-angle
00217,route-017,S04,road-backward,,B043 B044 B027 F010 F001 F002,Apr 2026,contact-sheet-reviewed,00217 | Shopping centre to Bistro | road-backward
00218,route-017,S04,left-rear-angle,,B027 F010,Apr 2026,contact-sheet-reviewed,00218 | Shopping centre to Bistro | left-rear-angle
00219,route-017,S04,left-frontage,B027 F010,B027 F010,Apr 2026,contact-sheet-reviewed,"00219 | Shopping centre to Bistro | left-frontage | B&M gabled frontage, B&M market canopies and pavement stalls"
00220,route-017,S04,left-forward-angle,,B027 F010,Apr 2026,contact-sheet-reviewed,00220 | Shopping centre to Bistro | left-forward-angle
00221,route-017,S04,right-frontage-detail,B044,B043 B044,Apr 2026,contact-sheet-reviewed,00221 | Shopping centre to Bistro | right-frontage-detail | Betfred
00222,route-017,S04,left-frontage-detail,B027 F010,B027 F010,Apr 2026,native-original-and-contact-sheet-reviewed,"00222 | Shopping centre to Bistro | left-frontage-detail | B&M gabled frontage, B&M market canopies and pavement stalls"
00223,route-017,S04,right-pavement-detail,B044 F002,B043 B044,Apr 2026,contact-sheet-reviewed,"00223 | Shopping centre to Bistro | right-pavement-detail | Betfred, Pavements, kerbs and drainage"
00224,route-017,S04,left-pavement-detail,B027 F010,B027 F010,Apr 2026,contact-sheet-reviewed,"00224 | Shopping centre to Bistro | left-pavement-detail | B&M gabled frontage, B&M market canopies and pavement stalls"
00225,route-018,S04,road-forward,F014,B044 B045 B027 B028 F010 F001 F002,unverified,contact-sheet-reviewed,"00225 | Shopping centre to Bistro | road-forward | Street furniture: lamps, bins and planting"
00226,route-018,S04,right-forward-angle,,B044 B045,unverified,contact-sheet-reviewed,00226 | Shopping centre to Bistro | right-forward-angle
00227,route-018,S04,right-frontage,B044 B045,B044 B045,unverified,contact-sheet-reviewed,"00227 | Shopping centre to Bistro | right-frontage | Betfred, Costa Coffee"
00228,route-018,S04,right-rear-angle,,B044 B045,unverified,contact-sheet-reviewed,00228 | Shopping centre to Bistro | right-rear-angle
00229,route-018,S04,road-backward,,B044 B045 B027 B028 F010 F001 F002,unverified,contact-sheet-reviewed,00229 | Shopping centre to Bistro | road-backward
00230,route-018,S04,left-rear-angle,,B027 B028 F010,unverified,contact-sheet-reviewed,00230 | Shopping centre to Bistro | left-rear-angle
00231,route-018,S04,left-frontage,B027 B028 F010,B027 B028 F010,unverified,contact-sheet-reviewed,"00231 | Shopping centre to Bistro | left-frontage | B&M gabled frontage, Town Square Shopping Centre gable, B&M market canopies and pavement stalls"
00232,route-018,S04,left-forward-angle,,B027 B028 F010,unverified,contact-sheet-reviewed,00232 | Shopping centre to Bistro | left-forward-angle
00233,route-018,S04,right-frontage-detail,B045,B044 B045,unverified,contact-sheet-reviewed,00233 | Shopping centre to Bistro | right-frontage-detail | Costa Coffee
00234,route-018,S04,left-frontage-detail,B028 F010,B027 B028 F010,unverified,contact-sheet-reviewed,"00234 | Shopping centre to Bistro | left-frontage-detail | Town Square Shopping Centre gable, B&M market canopies and pavement stalls"
00235,route-018,S04,right-pavement-detail,B045,B044 B045,unverified,contact-sheet-reviewed,00235 | Shopping centre to Bistro | right-pavement-detail | Costa Coffee
00236,route-018,S04,left-pavement-detail,B028,B027 B028 F010,unverified,contact-sheet-reviewed,00236 | Shopping centre to Bistro | left-pavement-detail | Town Square Shopping Centre gable
00237,route-019,S04,road-forward,,B045 B046 F011 B028 B029 F001 F002,unverified,contact-sheet-reviewed,00237 | Shopping centre to Bistro | road-forward
00238,route-019,S04,right-forward-angle,,B045 B046 F011,unverified,contact-sheet-reviewed,00238 | Shopping centre to Bistro | right-forward-angle
00239,route-019,S04,right-frontage,B045 B046 F011,B045 B046 F011,unverified,contact-sheet-reviewed,"00239 | Shopping centre to Bistro | right-frontage | Costa Coffee, Josiah Hincks Solicitors, Iron-gated gap beside Costa"
00240,route-019,S04,right-rear-angle,,B045 B046 F011,unverified,contact-sheet-reviewed,00240 | Shopping centre to Bistro | right-rear-angle
00241,route-019,S04,road-backward,,B045 B046 F011 B028 B029 F001 F002,unverified,contact-sheet-reviewed,00241 | Shopping centre to Bistro | road-backward
00242,route-019,S04,left-rear-angle,,B028 B029,unverified,contact-sheet-reviewed,00242 | Shopping centre to Bistro | left-rear-angle
00243,route-019,S04,left-frontage,B028,B028 B029,unverified,contact-sheet-reviewed,00243 | Shopping centre to Bistro | left-frontage | Town Square Shopping Centre gable
00244,route-019,S04,left-forward-angle,,B028 B029,unverified,contact-sheet-reviewed,00244 | Shopping centre to Bistro | left-forward-angle
00245,route-019,S04,right-frontage-detail,B045 F011,B045 B046 F011,unverified,contact-sheet-reviewed,"00245 | Shopping centre to Bistro | right-frontage-detail | Costa Coffee, Iron-gated gap beside Costa"
00246,route-019,S04,left-frontage-detail,B028,B028 B029,unverified,contact-sheet-reviewed,00246 | Shopping centre to Bistro | left-frontage-detail | Town Square Shopping Centre gable
00247,route-019,S04,right-pavement-detail,B045 F011,B045 B046 F011,unverified,contact-sheet-reviewed,"00247 | Shopping centre to Bistro | right-pavement-detail | Costa Coffee, Iron-gated gap beside Costa"
00248,route-019,S04,left-pavement-detail,,B028 B029,unverified,contact-sheet-reviewed,00248 | Shopping centre to Bistro | left-pavement-detail
00249,route-020,S04,road-forward,F001,B046 B047 B029 B030 B031 F017 F001 F002,Apr 2026,contact-sheet-reviewed,00249 | Shopping centre to Bistro | road-forward | Melton Road carriageway and route
00250,route-020,S04,right-forward-angle,,B046 B047,Apr 2026,contact-sheet-reviewed,00250 | Shopping centre to Bistro | right-forward-angle
00251,route-020,S04,right-frontage,B046 B047,B046 B047,Apr 2026,contact-sheet-reviewed,"00251 | Shopping centre to Bistro | right-frontage | Josiah Hincks Solicitors, Bistro Oggi corner"
00252,route-020,S04,right-rear-angle,,B046 B047,Apr 2026,contact-sheet-reviewed,00252 | Shopping centre to Bistro | right-rear-angle
00253,route-020,S04,road-backward,,B046 B047 B029 B030 B031 F017 F001 F002,Apr 2026,contact-sheet-reviewed,00253 | Shopping centre to Bistro | road-backward
00254,route-020,S04,left-rear-angle,,B029 B030 B031 F017,Apr 2026,contact-sheet-reviewed,00254 | Shopping centre to Bistro | left-rear-angle
00255,route-020,S04,left-frontage,B029 B030,B029 B030 B031 F017,Apr 2026,contact-sheet-reviewed,"00255 | Shopping centre to Bistro | left-frontage | Marine fish-and-chips frontage, We Vape frontage — verify exact styling"
00256,route-020,S04,left-forward-angle,,B029 B030 B031 F017,Apr 2026,contact-sheet-reviewed,00256 | Shopping centre to Bistro | left-forward-angle
00257,route-020,S04,right-frontage-detail,B046 F011,B046 B047,Apr 2026,contact-sheet-reviewed,"00257 | Shopping centre to Bistro | right-frontage-detail | Josiah Hincks Solicitors, Iron-gated gap beside Costa"
00258,route-020,S04,left-frontage-detail,B029 B030 F015 F017,B029 B030 B031 F017,Apr 2026,native-original-and-contact-sheet-reviewed,"00258 | Shopping centre to Bistro | left-frontage-detail | Marine fish-and-chips frontage, We Vape frontage — verify exact styling, Facade utilities and roof services, White access door between Marine and vape"
00259,route-020,S04,right-pavement-detail,B046 F011,B046 B047,Apr 2026,contact-sheet-reviewed,"00259 | Shopping centre to Bistro | right-pavement-detail | Josiah Hincks Solicitors, Iron-gated gap beside Costa"
00260,route-020,S04,left-pavement-detail,B029,B029 B030 B031 F017,Apr 2026,contact-sheet-reviewed,00260 | Shopping centre to Bistro | left-pavement-detail | Marine fish-and-chips frontage
00261,route-021,S04,road-forward,,B047 B029 B030 B031 B032 F001 F002,Apr 2026,contact-sheet-reviewed,00261 | Shopping centre to Bistro | road-forward
00262,route-021,S04,right-forward-angle,,B047,Apr 2026,contact-sheet-reviewed,00262 | Shopping centre to Bistro | right-forward-angle
00263,route-021,S04,right-frontage,B047,B047,Apr 2026,contact-sheet-reviewed,00263 | Shopping centre to Bistro | right-frontage | Bistro Oggi corner
00264,route-021,S04,right-rear-angle,,B047,Apr 2026,contact-sheet-reviewed,00264 | Shopping centre to Bistro | right-rear-angle
00265,route-021,S04,road-backward,,B047 B029 B030 B031 B032 F001 F002,Apr 2026,contact-sheet-reviewed,00265 | Shopping centre to Bistro | road-backward
00266,route-021,S04,left-rear-angle,,B029 B030 B031 B032,Apr 2026,contact-sheet-reviewed,00266 | Shopping centre to Bistro | left-rear-angle
00267,route-021,S04,left-frontage,B030 B031,B029 B030 B031 B032,Apr 2026,contact-sheet-reviewed,"00267 | Shopping centre to Bistro | left-frontage | We Vape frontage — verify exact styling, Town Square recessed passage frontage"
00268,route-021,S04,left-forward-angle,,B029 B030 B031 B032,Apr 2026,contact-sheet-reviewed,00268 | Shopping centre to Bistro | left-forward-angle
00269,route-021,S04,right-frontage-detail,B047,B047,Apr 2026,contact-sheet-reviewed,00269 | Shopping centre to Bistro | right-frontage-detail | Bistro Oggi corner
00270,route-021,S04,left-frontage-detail,B030 B031 B032 F015 F017,B029 B030 B031 B032,Apr 2026,native-original-and-contact-sheet-reviewed,"00270 | Shopping centre to Bistro | left-frontage-detail | We Vape frontage — verify exact styling, Town Square recessed passage frontage, Amy Clarke Hair, Facade utilities and roof services, White access door between Marine and vape"
00271,route-021,S04,right-pavement-detail,B047 F002,B047,Apr 2026,contact-sheet-reviewed,"00271 | Shopping centre to Bistro | right-pavement-detail | Bistro Oggi corner, Pavements, kerbs and drainage"
00272,route-021,S04,left-pavement-detail,B031,B029 B030 B031 B032,Apr 2026,contact-sheet-reviewed,00272 | Shopping centre to Bistro | left-pavement-detail | Town Square recessed passage frontage
00273,route-022,S05,road-forward,B033 F001 F012 F014,B048 B049 F012 F013 B032 B033 F001 F002,Apr 2026,native-original-and-contact-sheet-reviewed,"00273 | Mini-roundabout and junction | road-forward | GLO corner frontage, Melton Road carriageway and route, Zebra crossing and beacon approach, Street furniture: lamps, bins and planting"
00274,route-022,S05,right-forward-angle,B049 F012,B048 B049 F012 F013,Apr 2026,contact-sheet-reviewed,"00274 | Mini-roundabout and junction | right-forward-angle | Northern junction retail row — identities unresolved, Zebra crossing and beacon approach"
00275,route-022,S05,right-frontage,F012,B048 B049 F012 F013,Apr 2026,contact-sheet-reviewed,00275 | Mini-roundabout and junction | right-frontage | Zebra crossing and beacon approach
00276,route-022,S05,right-rear-angle,,B048 B049 F012 F013,Apr 2026,contact-sheet-reviewed,00276 | Mini-roundabout and junction | right-rear-angle
00277,route-022,S05,road-backward,B047,B048 B049 F012 F013 B032 B033 F001 F002,Apr 2026,contact-sheet-reviewed,00277 | Mini-roundabout and junction | road-backward | Bistro Oggi corner
00278,route-022,S05,left-rear-angle,,B032 B033,Apr 2026,contact-sheet-reviewed,00278 | Mini-roundabout and junction | left-rear-angle
00279,route-022,S05,left-frontage,B032,B032 B033,Apr 2026,contact-sheet-reviewed,00279 | Mini-roundabout and junction | left-frontage | Amy Clarke Hair
00280,route-022,S05,left-forward-angle,B032 B033 F012,B032 B033,Apr 2026,contact-sheet-reviewed,"00280 | Mini-roundabout and junction | left-forward-angle | Amy Clarke Hair, GLO corner frontage, Zebra crossing and beacon approach"
00281,route-022,S05,right-frontage-detail,B049,B048 B049 F012 F013,Apr 2026,contact-sheet-reviewed,00281 | Mini-roundabout and junction | right-frontage-detail | Northern junction retail row — identities unresolved
00282,route-022,S05,left-frontage-detail,B032,B032 B033,Apr 2026,contact-sheet-reviewed,00282 | Mini-roundabout and junction | left-frontage-detail | Amy Clarke Hair
00283,route-022,S05,right-pavement-detail,F012,B048 B049 F012 F013,Apr 2026,contact-sheet-reviewed,00283 | Mini-roundabout and junction | right-pavement-detail | Zebra crossing and beacon approach
00284,route-022,S05,left-pavement-detail,B032 F012,B032 B033,Apr 2026,contact-sheet-reviewed,"00284 | Mini-roundabout and junction | left-pavement-detail | Amy Clarke Hair, Zebra crossing and beacon approach"
00285,route-023,S05,road-forward,B033 B048 F001 F014,B048 B049 F013 B033 B032 F012 F001 F002,Apr 2026,native-original-and-contact-sheet-reviewed,"00285 | Mini-roundabout and junction | road-forward | GLO corner frontage, Fox & Hounds — junction context, Melton Road carriageway and route, Street furniture: lamps, bins and planting"
00286,route-023,S05,right-forward-angle,B048 F013,B048 B049 F013,Apr 2026,contact-sheet-reviewed,"00286 | Mini-roundabout and junction | right-forward-angle | Fox & Hounds — junction context, Mini-roundabout and traffic island"
00287,route-023,S05,right-frontage,B048 B049 F013,B048 B049 F013,Apr 2026,contact-sheet-reviewed,"00287 | Mini-roundabout and junction | right-frontage | Fox & Hounds — junction context, Northern junction retail row — identities unresolved, Mini-roundabout and traffic island"
00288,route-023,S05,right-rear-angle,F012 F013,B048 B049 F013,Apr 2026,contact-sheet-reviewed,"00288 | Mini-roundabout and junction | right-rear-angle | Zebra crossing and beacon approach, Mini-roundabout and traffic island"
00289,route-023,S05,road-backward,F013,B048 B049 F013 B033 B032 F012 F001 F002,Apr 2026,contact-sheet-reviewed,00289 | Mini-roundabout and junction | road-backward | Mini-roundabout and traffic island
00290,route-023,S05,left-rear-angle,,B033 B032 F012,Apr 2026,contact-sheet-reviewed,00290 | Mini-roundabout and junction | left-rear-angle
00291,route-023,S05,left-frontage,,B033 B032 F012,Apr 2026,contact-sheet-reviewed,00291 | Mini-roundabout and junction | left-frontage
00292,route-023,S05,left-forward-angle,B033,B033 B032 F012,Apr 2026,contact-sheet-reviewed,00292 | Mini-roundabout and junction | left-forward-angle | GLO corner frontage
00293,route-023,S05,right-frontage-detail,B048 B049 F013,B048 B049 F013,Apr 2026,contact-sheet-reviewed,"00293 | Mini-roundabout and junction | right-frontage-detail | Fox & Hounds — junction context, Northern junction retail row — identities unresolved, Mini-roundabout and traffic island"
00294,route-023,S05,left-frontage-detail,B033,B033 B032 F012,Apr 2026,contact-sheet-reviewed,00294 | Mini-roundabout and junction | left-frontage-detail | GLO corner frontage
00295,route-023,S05,right-pavement-detail,B048 F013,B048 B049 F013,Apr 2026,contact-sheet-reviewed,"00295 | Mini-roundabout and junction | right-pavement-detail | Fox & Hounds — junction context, Mini-roundabout and traffic island"
00296,route-023,S05,left-pavement-detail,B033 F002 F012,B033 B032 F012,Apr 2026,contact-sheet-reviewed,"00296 | Mini-roundabout and junction | left-pavement-detail | GLO corner frontage, Pavements, kerbs and drainage, Zebra crossing and beacon approach"
